model_type,feature_group,fold,metric,value,train_n,validation_n,train_patient_group_n,validation_patient_group_n
multinomial_logistic,E0_log2_exposure_time,0,accuracy,0.33,400,100,385,98
multinomial_logistic,E0_log2_exposure_time,0,balanced_accuracy,0.4331792437114776,400,100,385,98
multinomial_logistic,E0_log2_exposure_time,0,macro_precision,0.5587606837606838,400,100,385,98
multinomial_logistic,E0_log2_exposure_time,0,macro_recall,0.4331792437114776,400,100,385,98
multinomial_logistic,E0_log2_exposure_time,0,macro_f1,0.2952472089314195,400,100,385,98
multinomial_logistic,E0_log2_exposure_time,0,normal_auc,0.6513269339356296,400,100,385,98
multinomial_logistic,E0_log2_exposure_time,0,mild_auc,0.5132211538461537,400,100,385,98
multinomial_logistic,E0_log2_exposure_time,0,severe_auc,0.6204468188440991,400,100,385,98
multinomial_logistic,E0_log2_exposure_time,0,macro_auc,0.5949983022086275,400,100,385,98
multinomial_logistic,E0_log2_exposure_time,1,accuracy,0.34,400,100,385,98
multinomial_logistic,E0_log2_exposure_time,1,balanced_accuracy,0.45077461269365315,400,100,385,98
multinomial_logistic,E0_log2_exposure_time,1,macro_precision,0.24091662897633048,400,100,385,98
multinomial_logistic,E0_log2_exposure_time,1,macro_recall,0.45077461269365315,400,100,385,98
multinomial_logistic,E0_log2_exposure_time,1,macro_f1,0.2986857825567503,400,100,385,98
multinomial_logistic,E0_log2_exposure_time,1,normal_auc,0.6773009599096556,400,100,385,98
multinomial_logistic,E0_log2_exposure_time,1,mild_auc,0.5056089743589745,400,100,385,98
multinomial_logistic,E0_log2_exposure_time,1,severe_auc,0.6510441962117534,400,100,385,98
multinomial_logistic,E0_log2_exposure_time,1,macro_auc,0.6113180434934611,400,100,385,98
multinomial_logistic,E0_log2_exposure_time,2,accuracy,0.32,400,100,387,96
multinomial_logistic,E0_log2_exposure_time,2,balanced_accuracy,0.4265700483091787,400,100,387,96
multinomial_logistic,E0_log2_exposure_time,2,macro_precision,0.21717171717171715,400,100,387,96
multinomial_logistic,E0_log2_exposure_time,2,macro_recall,0.4265700483091787,400,100,387,96
multinomial_logistic,E0_log2_exposure_time,2,macro_f1,0.27370548718863325,400,100,387,96
multinomial_logistic,E0_log2_exposure_time,2,normal_auc,0.7552230378317335,400,100,387,96
multinomial_logistic,E0_log2_exposure_time,2,mild_auc,0.5670413488558811,400,100,387,96
multinomial_logistic,E0_log2_exposure_time,2,severe_auc,0.5866666666666667,400,100,387,96
multinomial_logistic,E0_log2_exposure_time,2,macro_auc,0.6363103511180938,400,100,387,96
multinomial_logistic,E0_log2_exposure_time,3,accuracy,0.38,400,100,386,97
multinomial_logistic,E0_log2_exposure_time,3,balanced_accuracy,0.49323671497584537,400,100,386,97
multinomial_logistic,E0_log2_exposure_time,3,macro_precision,0.26426426426426425,400,100,386,97
multinomial_logistic,E0_log2_exposure_time,3,macro_recall,0.49323671497584537,400,100,386,97
multinomial_logistic,E0_log2_exposure_time,3,macro_f1,0.33194492653014,400,100,386,97
multinomial_logistic,E0_log2_exposure_time,3,normal_auc,0.7922077922077921,400,100,386,97
multinomial_logistic,E0_log2_exposure_time,3,mild_auc,0.5285026093938177,400,100,386,97
multinomial_logistic,E0_log2_exposure_time,3,severe_auc,0.7126190476190476,400,100,386,97
multinomial_logistic,E0_log2_exposure_time,3,macro_auc,0.6777764830735524,400,100,386,97
multinomial_logistic,E0_log2_exposure_time,4,accuracy,0.3,400,100,389,94
multinomial_logistic,E0_log2_exposure_time,4,balanced_accuracy,0.40434782608695646,400,100,389,94
multinomial_logistic,E0_log2_exposure_time,4,macro_precision,0.2070015220700152,400,100,389,94
multinomial_logistic,E0_log2_exposure_time,4,macro_recall,0.40434782608695646,400,100,389,94
multinomial_logistic,E0_log2_exposure_time,4,macro_f1,0.25109649122807015,400,100,389,94
multinomial_logistic,E0_log2_exposure_time,4,normal_auc,0.6665725578769057,400,100,389,94
multinomial_logistic,E0_log2_exposure_time,4,mild_auc,0.5614211160176635,400,100,389,94
multinomial_logistic,E0_log2_exposure_time,4,severe_auc,0.5538095238095239,400,100,389,94
multinomial_logistic,E0_log2_exposure_time,4,macro_auc,0.5939343992346977,400,100,389,94
multinomial_logistic,E0_log2_iso_gain,0,accuracy,0.27,400,100,385,98
multinomial_logistic,E0_log2_iso_gain,0,balanced_accuracy,0.3567695319007163,400,100,385,98
multinomial_logistic,E0_log2_iso_gain,0,macro_precision,0.2356445262565833,400,100,385,98
multinomial_logistic,E0_log2_iso_gain,0,macro_recall,0.3567695319007163,400,100,385,98
multinomial_logistic,E0_log2_iso_gain,0,macro_f1,0.24718277174417524,400,100,385,98
multinomial_logistic,E0_log2_iso_gain,0,normal_auc,0.653020892151327,400,100,385,98
multinomial_logistic,E0_log2_iso_gain,0,mild_auc,0.6418269230769231,400,100,385,98
multinomial_logistic,E0_log2_iso_gain,0,severe_auc,0.45968916949975713,400,100,385,98
multinomial_logistic,E0_log2_iso_gain,0,macro_auc,0.5848456615760024,400,100,385,98
multinomial_logistic,E0_log2_iso_gain,1,accuracy,0.42,400,100,385,98
multinomial_logistic,E0_log2_iso_gain,1,balanced_accuracy,0.41554222888555725,400,100,385,98
multinomial_logistic,E0_log2_iso_gain,1,macro_precision,0.3902982842537455,400,100,385,98
multinomial_logistic,E0_log2_iso_gain,1,macro_recall,0.41554222888555725,400,100,385,98
multinomial_logistic,E0_log2_iso_gain,1,macro_f1,0.37953816278284364,400,100,385,98
multinomial_logistic,E0_log2_iso_gain,1,normal_auc,0.6716544325239977,400,100,385,98
multinomial_logistic,E0_log2_iso_gain,1,mild_auc,0.5364583333333334,400,100,385,98
multinomial_logistic,E0_log2_iso_gain,1,severe_auc,0.6029626032054395,400,100,385,98
multinomial_logistic,E0_log2_iso_gain,1,macro_auc,0.6036917896875903,400,100,385,98
multinomial_logistic,E0_log2_iso_gain,2,accuracy,0.4,400,100,387,96
multinomial_logistic,E0_log2_iso_gain,2,balanced_accuracy,0.4040086339808819,400,100,387,96
multinomial_logistic,E0_log2_iso_gain,2,macro_precision,0.37990781479153574,400,100,387,96
multinomial_logistic,E0_log2_iso_gain,2,macro_recall,0.4040086339808819,400,100,387,96
multinomial_logistic,E0_log2_iso_gain,2,macro_f1,0.38000000000000006,400,100,387,96
multinomial_logistic,E0_log2_iso_gain,2,normal_auc,0.7374364765669114,400,100,387,96
multinomial_logistic,E0_log2_iso_gain,2,mild_auc,0.5202729827378563,400,100,387,96
multinomial_logistic,E0_log2_iso_gain,2,severe_auc,0.680952380952381,400,100,387,96
multinomial_logistic,E0_log2_iso_gain,2,macro_auc,0.6462206134190496,400,100,387,96
multinomial_logistic,E0_log2_iso_gain,3,accuracy,0.42,400,100,386,97
multinomial_logistic,E0_log2_iso_gain,3,balanced_accuracy,0.42495631616815704,400,100,386,97
multinomial_logistic,E0_log2_iso_gain,3,macro_precision,0.4041578576462297,400,100,386,97
multinomial_logistic,E0_log2_iso_gain,3,macro_recall,0.42495631616815704,400,100,386,97
multinomial_logistic,E0_log2_iso_gain,3,macro_f1,0.38143035389298174,400,100,386,97
multinomial_logistic,E0_log2_iso_gain,3,normal_auc,0.6662902315076229,400,100,386,97
multinomial_logistic,E0_log2_iso_gain,3,mild_auc,0.5616218386190286,400,100,386,97
multinomial_logistic,E0_log2_iso_gain,3,severe_auc,0.5671428571428572,400,100,386,97
multinomial_logistic,E0_log2_iso_gain,3,macro_auc,0.5983516424231695,400,100,386,97
multinomial_logistic,E0_log2_iso_gain,4,accuracy,0.41,400,100,389,94
multinomial_logistic,E0_log2_iso_gain,4,balanced_accuracy,0.4870181930311441,400,100,389,94
multinomial_logistic,E0_log2_iso_gain,4,macro_precision,0.5399425287356322,400,100,389,94
multinomial_logistic,E0_log2_iso_gain,4,macro_recall,0.4870181930311441,400,100,389,94
multinomial_logistic,E0_log2_iso_gain,4,macro_f1,0.3989044694571953,400,100,389,94
multinomial_logistic,E0_log2_iso_gain,4,normal_auc,0.6679841897233202,400,100,389,94
multinomial_logistic,E0_log2_iso_gain,4,mild_auc,0.6481332798073063,400,100,389,94
multinomial_logistic,E0_log2_iso_gain,4,severe_auc,0.4659523809523809,400,100,389,94
multinomial_logistic,E0_log2_iso_gain,4,macro_auc,0.5940232834943359,400,100,389,94
multinomial_logistic,E0_log2_fnumber,0,accuracy,0.5,400,100,385,98
multinomial_logistic,E0_log2_fnumber,0,balanced_accuracy,0.5208333333333334,400,100,385,98
multinomial_logistic,E0_log2_fnumber,0,macro_precision,0.3376274825550188,400,100,385,98
multinomial_logistic,E0_log2_fnumber,0,macro_recall,0.5208333333333334,400,100,385,98
multinomial_logistic,E0_log2_fnumber,0,macro_f1,0.3906235608363268,400,100,385,98
multinomial_logistic,E0_log2_fnumber,0,normal_auc,0.7987012987012987,400,100,385,98
multinomial_logistic,E0_log2_fnumber,0,mild_auc,0.5969551282051282,400,100,385,98
multinomial_logistic,E0_log2_fnumber,0,severe_auc,0.6189898008742108,400,100,385,98
multinomial_logistic,E0_log2_fnumber,0,macro_auc,0.6715487425935459,400,100,385,98
multinomial_logistic,E0_log2_fnumber,1,accuracy,0.56,400,100,385,98
multinomial_logistic,E0_log2_fnumber,1,balanced_accuracy,0.5625,400,100,385,98
multinomial_logistic,E0_log2_fnumber,1,macro_precision,0.3703703703703704,400,100,385,98
multinomial_logistic,E0_log2_fnumber,1,macro_recall,0.5625,400,100,385,98
multinomial_logistic,E0_log2_fnumber,1,macro_f1,0.4390824290881401,400,100,385,98
multinomial_logistic,E0_log2_fnumber,1,normal_auc,0.8571428571428571,400,100,385,98
multinomial_logistic,E0_log2_fnumber,1,mild_auc,0.6454326923076923,400,100,385,98
multinomial_logistic,E0_log2_fnumber,1,severe_auc,0.6629431762991743,400,100,385,98
multinomial_logistic,E0_log2_fnumber,1,macro_auc,0.7218395752499078,400,100,385,98
multinomial_logistic,E0_log2_fnumber,2,accuracy,0.57,400,100,387,96
multinomial_logistic,E0_log2_fnumber,2,balanced_accuracy,0.5744680851063829,400,100,387,96
multinomial_logistic,E0_log2_fnumber,2,macro_precision,0.3779419813902572,400,100,387,96
multinomial_logistic,E0_log2_fnumber,2,macro_recall,0.5744680851063829,400,100,387,96
multinomial_logistic,E0_log2_fnumber,2,macro_f1,0.4517704517704518,400,100,387,96
multinomial_logistic,E0_log2_fnumber,2,normal_auc,0.8766233766233766,400,100,387,96
multinomial_logistic,E0_log2_fnumber,2,mild_auc,0.6449217181854676,400,100,387,96
multinomial_logistic,E0_log2_fnumber,2,severe_auc,0.6685714285714286,400,100,387,96
multinomial_logistic,E0_log2_fnumber,2,macro_auc,0.7300388411267577,400,100,387,96
multinomial_logistic,E0_log2_fnumber,3,accuracy,0.56,400,100,386,97
multinomial_logistic,E0_log2_fnumber,3,balanced_accuracy,0.5673758865248227,400,100,386,97
multinomial_logistic,E0_log2_fnumber,3,macro_precision,0.37219485495347565,400,100,386,97
multinomial_logistic,E0_log2_fnumber,3,macro_recall,0.5673758865248227,400,100,386,97
multinomial_logistic,E0_log2_fnumber,3,macro_f1,0.44542124542124545,400,100,386,97
multinomial_logistic,E0_log2_fnumber,3,normal_auc,0.8766233766233766,400,100,386,97
multinomial_logistic,E0_log2_fnumber,3,mild_auc,0.630268968285829,400,100,386,97
multinomial_logistic,E0_log2_fnumber,3,severe_auc,0.6988095238095239,400,100,386,97
multinomial_logistic,E0_log2_fnumber,3,macro_auc,0.7352339562395765,400,100,386,97
multinomial_logistic,E0_log2_fnumber,4,accuracy,0.55,400,100,389,94
multinomial_logistic,E0_log2_fnumber,4,balanced_accuracy,0.5602836879432624,400,100,389,94
multinomial_logistic,E0_log2_fnumber,4,macro_precision,0.3666666666666667,400,100,389,94
multinomial_logistic,E0_log2_fnumber,4,macro_recall,0.5602836879432624,400,100,389,94
multinomial_logistic,E0_log2_fnumber,4,macro_f1,0.42997693357811984,400,100,389,94
multinomial_logistic,E0_log2_fnumber,4,normal_auc,0.8246753246753247,400,100,389,94
multinomial_logistic,E0_log2_fnumber,4,mild_auc,0.6778402248093136,400,100,389,94
multinomial_logistic,E0_log2_fnumber,4,severe_auc,0.5800000000000001,400,100,389,94
multinomial_logistic,E0_log2_fnumber,4,macro_auc,0.6941718498282127,400,100,389,94
multinomial_logistic,E0_BrightnessValue,0,accuracy,0.43,400,100,385,98
multinomial_logistic,E0_BrightnessValue,0,balanced_accuracy,0.5374708479093787,400,100,385,98
multinomial_logistic,E0_BrightnessValue,0,macro_precision,0.46230936819172114,400,100,385,98
multinomial_logistic,E0_BrightnessValue,0,macro_recall,0.5374708479093787,400,100,385,98
multinomial_logistic,E0_BrightnessValue,0,macro_f1,0.41126710234261726,400,100,385,98
multinomial_logistic,E0_BrightnessValue,0,normal_auc,0.8190287972896669,400,100,385,98
multinomial_logistic,E0_BrightnessValue,0,mild_auc,0.617988782051282,400,100,385,98
multinomial_logistic,E0_BrightnessValue,0,severe_auc,0.6007770762506071,400,100,385,98
multinomial_logistic,E0_BrightnessValue,0,macro_auc,0.6792648851971853,400,100,385,98
multinomial_logistic,E0_BrightnessValue,1,accuracy,0.45,400,100,385,98
multinomial_logistic,E0_BrightnessValue,1,balanced_accuracy,0.5650091620856238,400,100,385,98
multinomial_logistic,E0_BrightnessValue,1,macro_precision,0.4520030234315948,400,100,385,98
multinomial_logistic,E0_BrightnessValue,1,macro_recall,0.5650091620856238,400,100,385,98
multinomial_logistic,E0_BrightnessValue,1,macro_f1,0.4348178137651822,400,100,385,98
multinomial_logistic,E0_BrightnessValue,1,normal_auc,0.896386222473179,400,100,385,98
multinomial_logistic,E0_BrightnessValue,1,mild_auc,0.6514423076923077,400,100,385,98
multinomial_logistic,E0_BrightnessValue,1,severe_auc,0.6476444876153473,400,100,385,98
multinomial_logistic,E0_BrightnessValue,1,macro_auc,0.731824339260278,400,100,385,98
multinomial_logistic,E0_BrightnessValue,2,accuracy,0.46,400,100,387,96
multinomial_logistic,E0_BrightnessValue,2,balanced_accuracy,0.5781066913351834,400,100,387,96
multinomial_logistic,E0_BrightnessValue,2,macro_precision,0.4031713900134952,400,100,387,96
multinomial_logistic,E0_BrightnessValue,2,macro_recall,0.5781066913351834,400,100,387,96
multinomial_logistic,E0_BrightnessValue,2,macro_f1,0.4227863930147513,400,100,387,96
multinomial_logistic,E0_BrightnessValue,2,normal_auc,0.8977978543195935,400,100,387,96
multinomial_logistic,E0_BrightnessValue,2,mild_auc,0.5957446808510638,400,100,387,96
multinomial_logistic,E0_BrightnessValue,2,severe_auc,0.7219047619047619,400,100,387,96
multinomial_logistic,E0_BrightnessValue,2,macro_auc,0.738482432358473,400,100,387,96
multinomial_logistic,E0_BrightnessValue,3,accuracy,0.51,400,100,386,97
multinomial_logistic,E0_BrightnessValue,3,balanced_accuracy,0.6169493267550622,400,100,386,97
multinomial_logistic,E0_BrightnessValue,3,macro_precision,0.5598587664128876,400,100,386,97
multinomial_logistic,E0_BrightnessValue,3,macro_recall,0.6169493267550622,400,100,386,97
multinomial_logistic,E0_BrightnessValue,3,macro_f1,0.49660468572181,400,100,386,97
multinomial_logistic,E0_BrightnessValue,3,normal_auc,0.8591191417278373,400,100,386,97
multinomial_logistic,E0_BrightnessValue,3,mild_auc,0.6128061019670815,400,100,386,97
multinomial_logistic,E0_BrightnessValue,3,severe_auc,0.6466666666666666,400,100,386,97
multinomial_logistic,E0_BrightnessValue,3,macro_auc,0.7061973034538619,400,100,386,97
multinomial_logistic,E0_BrightnessValue,4,accuracy,0.41,400,100,389,94
multinomial_logistic,E0_BrightnessValue,4,balanced_accuracy,0.4984376606023229,400,100,389,94
multinomial_logistic,E0_BrightnessValue,4,macro_precision,0.42671394799054374,400,100,389,94
multinomial_logistic,E0_BrightnessValue,4,macro_recall,0.4984376606023229,400,100,389,94
multinomial_logistic,E0_BrightnessValue,4,macro_f1,0.40210659697473666,400,100,389,94
multinomial_logistic,E0_BrightnessValue,4,normal_auc,0.8565782044042914,400,100,389,94
multinomial_logistic,E0_BrightnessValue,4,mild_auc,0.7089522280208752,400,100,389,94
multinomial_logistic,E0_BrightnessValue,4,severe_auc,0.5528571428571429,400,100,389,94
multinomial_logistic,E0_BrightnessValue,4,macro_auc,0.7061291917607698,400,100,389,94
multinomial_logistic,E1_four_core_transformed,0,accuracy,0.43,400,100,385,98
multinomial_logistic,E1_four_core_transformed,0,balanced_accuracy,0.5541187739463602,400,100,385,98
multinomial_logistic,E1_four_core_transformed,0,macro_precision,0.5037324145851277,400,100,385,98
multinomial_logistic,E1_four_core_transformed,0,macro_recall,0.5541187739463602,400,100,385,98
multinomial_logistic,E1_four_core_transformed,0,macro_f1,0.39194465665053896,400,100,385,98
multinomial_logistic,E1_four_core_transformed,0,normal_auc,0.8018068887634106,400,100,385,98
multinomial_logistic,E1_four_core_transformed,0,mild_auc,0.6165865384615384,400,100,385,98
multinomial_logistic,E1_four_core_transformed,0,severe_auc,0.5842642059252064,400,100,385,98
multinomial_logistic,E1_four_core_transformed,0,macro_auc,0.6675525443833852,400,100,385,98
multinomial_logistic,E1_four_core_transformed,1,accuracy,0.5,400,100,385,98
multinomial_logistic,E1_four_core_transformed,1,balanced_accuracy,0.60727969348659,400,100,385,98
multinomial_logistic,E1_four_core_transformed,1,macro_precision,0.5567340067340067,400,100,385,98
multinomial_logistic,E1_four_core_transformed,1,macro_recall,0.60727969348659,400,100,385,98
multinomial_logistic,E1_four_core_transformed,1,macro_f1,0.48940165803957986,400,100,385,98
multinomial_logistic,E1_four_core_transformed,1,normal_auc,0.8610954263128177,400,100,385,98
multinomial_logistic,E1_four_core_transformed,1,mild_auc,0.6017628205128206,400,100,385,98
multinomial_logistic,E1_four_core_transformed,1,severe_auc,0.6619718309859155,400,100,385,98
multinomial_logistic,E1_four_core_transformed,1,macro_auc,0.7082766926038513,400,100,385,98
multinomial_logistic,E1_four_core_transformed,2,accuracy,0.47,400,100,387,96
multinomial_logistic,E1_four_core_transformed,2,balanced_accuracy,0.5604481447219652,400,100,387,96
multinomial_logistic,E1_four_core_transformed,2,macro_precision,0.476984126984127,400,100,387,96
multinomial_logistic,E1_four_core_transformed,2,macro_recall,0.5604481447219652,400,100,387,96
multinomial_logistic,E1_four_core_transformed,2,macro_f1,0.4732600732600732,400,100,387,96
multinomial_logistic,E1_four_core_transformed,2,normal_auc,0.8949745906267645,400,100,387,96
multinomial_logistic,E1_four_core_transformed,2,mild_auc,0.5867121637896426,400,100,387,96
multinomial_logistic,E1_four_core_transformed,2,severe_auc,0.6516666666666667,400,100,387,96
multinomial_logistic,E1_four_core_transformed,2,macro_auc,0.7111178070276912,400,100,387,96
multinomial_logistic,E1_four_core_transformed,3,accuracy,0.51,400,100,386,97
multinomial_logistic,E1_four_core_transformed,3,balanced_accuracy,0.632387706855792,400,100,386,97
multinomial_logistic,E1_four_core_transformed,3,macro_precision,0.6673881673881673,400,100,386,97
multinomial_logistic,E1_four_core_transformed,3,macro_recall,0.632387706855792,400,100,386,97
multinomial_logistic,E1_four_core_transformed,3,macro_f1,0.4719758672699849,400,100,386,97
multinomial_logistic,E1_four_core_transformed,3,normal_auc,0.8619424054206664,400,100,386,97
multinomial_logistic,E1_four_core_transformed,3,mild_auc,0.646326776395022,400,100,386,97
multinomial_logistic,E1_four_core_transformed,3,severe_auc,0.7292857142857143,400,100,386,97
multinomial_logistic,E1_four_core_transformed,3,macro_auc,0.7458516320338009,400,100,386,97
multinomial_logistic,E1_four_core_transformed,4,accuracy,0.43,400,100,389,94
multinomial_logistic,E1_four_core_transformed,4,balanced_accuracy,0.5401171754548257,400,100,389,94
multinomial_logistic,E1_four_core_transformed,4,macro_precision,0.5273194384136634,400,100,389,94
multinomial_logistic,E1_four_core_transformed,4,macro_recall,0.5401171754548257,400,100,389,94
multinomial_logistic,E1_four_core_transformed,4,macro_f1,0.39876354582236934,400,100,389,94
multinomial_logistic,E1_four_core_transformed,4,normal_auc,0.8097120271033315,400,100,389,94
multinomial_logistic,E1_four_core_transformed,4,mild_auc,0.6800481734243276,400,100,389,94
multinomial_logistic,E1_four_core_transformed,4,severe_auc,0.5571428571428572,400,100,389,94
multinomial_logistic,E1_four_core_transformed,4,macro_auc,0.6823010192235053,400,100,389,94
multinomial_logistic,E2_compact_physical,0,accuracy,0.47,400,100,385,98
multinomial_logistic,E2_compact_physical,0,balanced_accuracy,0.5500478927203064,400,100,385,98
multinomial_logistic,E2_compact_physical,0,macro_precision,0.49499118165784833,400,100,385,98
multinomial_logistic,E2_compact_physical,0,macro_recall,0.5500478927203064,400,100,385,98
multinomial_logistic,E2_compact_physical,0,macro_f1,0.4605405330043011,400,100,385,98
multinomial_logistic,E2_compact_physical,0,normal_auc,0.8029361942405421,400,100,385,98
multinomial_logistic,E2_compact_physical,0,mild_auc,0.6266025641025641,400,100,385,98
multinomial_logistic,E2_compact_physical,0,severe_auc,0.6260320543953376,400,100,385,98
multinomial_logistic,E2_compact_physical,0,macro_auc,0.6851902709128145,400,100,385,98
multinomial_logistic,E2_compact_physical,1,accuracy,0.45,400,100,385,98
multinomial_logistic,E2_compact_physical,1,balanced_accuracy,0.5452586206896551,400,100,385,98
multinomial_logistic,E2_compact_physical,1,macro_precision,0.4541541541541541,400,100,385,98
multinomial_logistic,E2_compact_physical,1,macro_recall,0.5452586206896551,400,100,385,98
multinomial_logistic,E2_compact_physical,1,macro_f1,0.4477124183006536,400,100,385,98
multinomial_logistic,E2_compact_physical,1,normal_auc,0.8610954263128177,400,100,385,98
multinomial_logistic,E2_compact_physical,1,mild_auc,0.6089743589743589,400,100,385,98
multinomial_logistic,E2_compact_physical,1,severe_auc,0.6585721223895095,400,100,385,98
multinomial_logistic,E2_compact_physical,1,macro_auc,0.7095473025588954,400,100,385,98
multinomial_logistic,E2_compact_physical,2,accuracy,0.47,400,100,387,96
multinomial_logistic,E2_compact_physical,2,balanced_accuracy,0.5363346695446604,400,100,387,96
multinomial_logistic,E2_compact_physical,2,macro_precision,0.4611111111111111,400,100,387,96
multinomial_logistic,E2_compact_physical,2,macro_recall,0.5363346695446604,400,100,387,96
multinomial_logistic,E2_compact_physical,2,macro_f1,0.4737854737854738,400,100,387,96
multinomial_logistic,E2_compact_physical,2,normal_auc,0.8949745906267645,400,100,387,96
multinomial_logistic,E2_compact_physical,2,mild_auc,0.5903251706142112,400,100,387,96
multinomial_logistic,E2_compact_physical,2,severe_auc,0.6492857142857142,400,100,387,96
multinomial_logistic,E2_compact_physical,2,macro_auc,0.71152849184223,400,100,387,96
multinomial_logistic,E2_compact_physical,3,accuracy,0.54,400,100,386,97
multinomial_logistic,E2_compact_physical,3,balanced_accuracy,0.6295508274231678,400,100,386,97
multinomial_logistic,E2_compact_physical,3,macro_precision,0.5630952380952382,400,100,386,97
multinomial_logistic,E2_compact_physical,3,macro_recall,0.6295508274231678,400,100,386,97
multinomial_logistic,E2_compact_physical,3,macro_f1,0.5399267399267399,400,100,386,97
multinomial_logistic,E2_compact_physical,3,normal_auc,0.8642010163749294,400,100,386,97
multinomial_logistic,E2_compact_physical,3,mild_auc,0.6306704134885589,400,100,386,97
multinomial_logistic,E2_compact_physical,3,severe_auc,0.7221428571428571,400,100,386,97
multinomial_logistic,E2_compact_physical,3,macro_auc,0.7390047623354484,400,100,386,97
multinomial_logistic,E2_compact_physical,4,accuracy,0.43,400,100,389,94
multinomial_logistic,E2_compact_physical,4,balanced_accuracy,0.5280604378661733,400,100,389,94
multinomial_logistic,E2_compact_physical,4,macro_precision,0.47161108345777336,400,100,389,94
multinomial_logistic,E2_compact_physical,4,macro_recall,0.5280604378661733,400,100,389,94
multinomial_logistic,E2_compact_physical,4,macro_f1,0.4147242127227302,400,100,389,94
multinomial_logistic,E2_compact_physical,4,normal_auc,0.8074534161490683,400,100,389,94
multinomial_logistic,E2_compact_physical,4,mild_auc,0.6647932557205942,400,100,389,94
multinomial_logistic,E2_compact_physical,4,severe_auc,0.5466666666666666,400,100,389,94
multinomial_logistic,E2_compact_physical,4,macro_auc,0.6729711128454431,400,100,389,94
multinomial_logistic,E3_device_centered_physical,0,accuracy,0.43,400,100,385,98
multinomial_logistic,E3_device_centered_physical,0,balanced_accuracy,0.49207687822755286,400,100,385,98
multinomial_logistic,E3_device_centered_physical,0,macro_precision,0.4597902097902098,400,100,385,98
multinomial_logistic,E3_device_centered_physical,0,macro_recall,0.49207687822755286,400,100,385,98
multinomial_logistic,E3_device_centered_physical,0,macro_f1,0.42603174603174604,400,100,385,98
multinomial_logistic,E3_device_centered_physical,0,normal_auc,0.7555053642010163,400,100,385,98
multinomial_logistic,E3_device_centered_physical,0,mild_auc,0.625400641025641,400,100,385,98
multinomial_logistic,E3_device_centered_physical,0,severe_auc,0.5798931520155416,400,100,385,98
multinomial_logistic,E3_device_centered_physical,0,macro_auc,0.653599719080733,400,100,385,98
multinomial_logistic,E3_device_centered_physical,1,accuracy,0.47,400,100,385,98
multinomial_logistic,E3_device_centered_physical,1,balanced_accuracy,0.4882142262202232,400,100,385,98
multinomial_logistic,E3_device_centered_physical,1,macro_precision,0.4664351851851852,400,100,385,98
multinomial_logistic,E3_device_centered_physical,1,macro_recall,0.4882142262202232,400,100,385,98
multinomial_logistic,E3_device_centered_physical,1,macro_f1,0.46931138078679063,400,100,385,98
multinomial_logistic,E3_device_centered_physical,1,normal_auc,0.7735742518351214,400,100,385,98
multinomial_logistic,E3_device_centered_physical,1,mild_auc,0.5420673076923076,400,100,385,98
multinomial_logistic,E3_device_centered_physical,1,severe_auc,0.697425934919864,400,100,385,98
multinomial_logistic,E3_device_centered_physical,1,macro_auc,0.6710224981490978,400,100,385,98
multinomial_logistic,E3_device_centered_physical,2,accuracy,0.43,400,100,387,96
multinomial_logistic,E3_device_centered_physical,2,balanced_accuracy,0.4891458526056121,400,100,387,96
multinomial_logistic,E3_device_centered_physical,2,macro_precision,0.42065257693733776,400,100,387,96
multinomial_logistic,E3_device_centered_physical,2,macro_recall,0.4891458526056121,400,100,387,96
multinomial_logistic,E3_device_centered_physical,2,macro_f1,0.4329932465525686,400,100,387,96
multinomial_logistic,E3_device_centered_physical,2,normal_auc,0.8876341050254094,400,100,387,96
multinomial_logistic,E3_device_centered_physical,2,mild_auc,0.5778803693295865,400,100,387,96
multinomial_logistic,E3_device_centered_physical,2,severe_auc,0.6654761904761904,400,100,387,96
multinomial_logistic,E3_device_centered_physical,2,macro_auc,0.7103302216103954,400,100,387,96
multinomial_logistic,E3_device_centered_physical,3,accuracy,0.5,400,100,386,97
multinomial_logistic,E3_device_centered_physical,3,balanced_accuracy,0.574324185425018,400,100,386,97
multinomial_logistic,E3_device_centered_physical,3,macro_precision,0.5027906976744186,400,100,386,97
multinomial_logistic,E3_device_centered_physical,3,macro_recall,0.574324185425018,400,100,386,97
multinomial_logistic,E3_device_centered_physical,3,macro_f1,0.5045345932442706,400,100,386,97
multinomial_logistic,E3_device_centered_physical,3,normal_auc,0.8382269904009034,400,100,386,97
multinomial_logistic,E3_device_centered_physical,3,mild_auc,0.5816940987555199,400,100,386,97
multinomial_logistic,E3_device_centered_physical,3,severe_auc,0.7302380952380952,400,100,386,97
multinomial_logistic,E3_device_centered_physical,3,macro_auc,0.7167197281315062,400,100,386,97
multinomial_logistic,E3_device_centered_physical,4,accuracy,0.37,400,100,389,94
multinomial_logistic,E3_device_centered_physical,4,balanced_accuracy,0.4311542810155206,400,100,389,94
multinomial_logistic,E3_device_centered_physical,4,macro_precision,0.3879761099842236,400,100,389,94
multinomial_logistic,E3_device_centered_physical,4,macro_recall,0.4311542810155206,400,100,389,94
multinomial_logistic,E3_device_centered_physical,4,macro_f1,0.3597199526873192,400,100,389,94
multinomial_logistic,E3_device_centered_physical,4,normal_auc,0.7346132128740824,400,100,389,94
multinomial_logistic,E3_device_centered_physical,4,mild_auc,0.6334805299076676,400,100,389,94
multinomial_logistic,E3_device_centered_physical,4,severe_auc,0.52,400,100,389,94
multinomial_logistic,E3_device_centered_physical,4,macro_auc,0.62936458092725,400,100,389,94
multinomial_logistic,E4_camera_only,0,accuracy,0.42,400,100,385,98
multinomial_logistic,E4_camera_only,0,balanced_accuracy,0.5517241379310345,400,100,385,98
multinomial_logistic,E4_camera_only,0,macro_precision,0.27965646806226513,400,100,385,98
multinomial_logistic,E4_camera_only,0,macro_recall,0.5517241379310345,400,100,385,98
multinomial_logistic,E4_camera_only,0,macro_f1,0.3680230880230881,400,100,385,98
multinomial_logistic,E4_camera_only,0,normal_auc,0.7987012987012987,400,100,385,98
multinomial_logistic,E4_camera_only,0,mild_auc,0.5985576923076923,400,100,385,98
multinomial_logistic,E4_camera_only,0,severe_auc,0.6374453618261292,400,100,385,98
multinomial_logistic,E4_camera_only,0,macro_auc,0.6782347842783735,400,100,385,98
multinomial_logistic,E4_camera_only,1,accuracy,0.45,400,100,385,98
multinomial_logistic,E4_camera_only,1,balanced_accuracy,0.5862068965517241,400,100,385,98
multinomial_logistic,E4_camera_only,1,macro_precision,0.3037037037037037,400,100,385,98
multinomial_logistic,E4_camera_only,1,macro_recall,0.5862068965517241,400,100,385,98
multinomial_logistic,E4_camera_only,1,macro_f1,0.40009337068160605,400,100,385,98
multinomial_logistic,E4_camera_only,1,normal_auc,0.8571428571428572,400,100,385,98
multinomial_logistic,E4_camera_only,1,mild_auc,0.6322115384615384,400,100,385,98
multinomial_logistic,E4_camera_only,1,severe_auc,0.6469159786304031,400,100,385,98
multinomial_logistic,E4_camera_only,1,macro_auc,0.7120901247449328,400,100,385,98
multinomial_logistic,E4_camera_only,2,accuracy,0.47,400,100,387,96
multinomial_logistic,E4_camera_only,2,balanced_accuracy,0.6,400,100,387,96
multinomial_logistic,E4_camera_only,2,macro_precision,0.3204707170224412,400,100,387,96
multinomial_logistic,E4_camera_only,2,macro_recall,0.6,400,100,387,96
multinomial_logistic,E4_camera_only,2,macro_f1,0.41771561771561777,400,100,387,96
multinomial_logistic,E4_camera_only,2,normal_auc,0.8766233766233766,400,100,387,96
multinomial_logistic,E4_camera_only,2,mild_auc,0.6352870333199518,400,100,387,96
multinomial_logistic,E4_camera_only,2,severe_auc,0.657142857142857,400,100,387,96
multinomial_logistic,E4_camera_only,2,macro_auc,0.7230177556953952,400,100,387,96
multinomial_logistic,E4_camera_only,3,accuracy,0.48,400,100,386,97
multinomial_logistic,E4_camera_only,3,balanced_accuracy,0.6111111111111112,400,100,386,97
multinomial_logistic,E4_camera_only,3,macro_precision,0.3262178434592228,400,100,386,97
multinomial_logistic,E4_camera_only,3,macro_recall,0.6111111111111112,400,100,386,97
multinomial_logistic,E4_camera_only,3,macro_f1,0.42529137529137534,400,100,386,97
multinomial_logistic,E4_camera_only,3,normal_auc,0.8766233766233766,400,100,386,97
multinomial_logistic,E4_camera_only,3,mild_auc,0.6152147731834605,400,100,386,97
multinomial_logistic,E4_camera_only,3,severe_auc,0.680952380952381,400,100,386,97
multinomial_logistic,E4_camera_only,3,macro_auc,0.7242635102530727,400,100,386,97
multinomial_logistic,E4_camera_only,4,accuracy,0.41,400,100,389,94
multinomial_logistic,E4_camera_only,4,balanced_accuracy,0.5333333333333333,400,100,389,94
multinomial_logistic,E4_camera_only,4,macro_precision,0.2733333333333334,400,100,389,94
multinomial_logistic,E4_camera_only,4,macro_recall,0.5333333333333333,400,100,389,94
multinomial_logistic,E4_camera_only,4,macro_f1,0.36004566210045663,400,100,389,94
multinomial_logistic,E4_camera_only,4,normal_auc,0.8246753246753247,400,100,389,94
multinomial_logistic,E4_camera_only,4,mild_auc,0.6706142111601767,400,100,389,94
multinomial_logistic,E4_camera_only,4,severe_auc,0.5714285714285715,400,100,389,94
multinomial_logistic,E4_camera_only,4,macro_auc,0.688906035754691,400,100,389,94
multinomial_logistic,E5_E3_plus_camera,0,accuracy,0.47,400,100,385,98
multinomial_logistic,E5_E3_plus_camera,0,balanced_accuracy,0.5500478927203064,400,100,385,98
multinomial_logistic,E5_E3_plus_camera,0,macro_precision,0.49499118165784833,400,100,385,98
multinomial_logistic,E5_E3_plus_camera,0,macro_recall,0.5500478927203064,400,100,385,98
multinomial_logistic,E5_E3_plus_camera,0,macro_f1,0.4605405330043011,400,100,385,98
multinomial_logistic,E5_E3_plus_camera,0,normal_auc,0.8362507058159233,400,100,385,98
multinomial_logistic,E5_E3_plus_camera,0,mild_auc,0.6422275641025641,400,100,385,98
multinomial_logistic,E5_E3_plus_camera,0,severe_auc,0.629917435648373,400,100,385,98
multinomial_logistic,E5_E3_plus_camera,0,macro_auc,0.702798568522287,400,100,385,98
multinomial_logistic,E5_E3_plus_camera,1,accuracy,0.5,400,100,385,98
multinomial_logistic,E5_E3_plus_camera,1,balanced_accuracy,0.5845306513409961,400,100,385,98
multinomial_logistic,E5_E3_plus_camera,1,macro_precision,0.513974478680361,400,100,385,98
multinomial_logistic,E5_E3_plus_camera,1,macro_recall,0.5845306513409961,400,100,385,98
multinomial_logistic,E5_E3_plus_camera,1,macro_f1,0.49924220896087906,400,100,385,98
multinomial_logistic,E5_E3_plus_camera,1,normal_auc,0.836815358554489,400,100,385,98
multinomial_logistic,E5_E3_plus_camera,1,mild_auc,0.6041666666666666,400,100,385,98
multinomial_logistic,E5_E3_plus_camera,1,severe_auc,0.647887323943662,400,100,385,98
multinomial_logistic,E5_E3_plus_camera,1,macro_auc,0.6962897830549393,400,100,385,98
multinomial_logistic,E5_E3_plus_camera,2,accuracy,0.48,400,100,387,96
multinomial_logistic,E5_E3_plus_camera,2,balanced_accuracy,0.5548463356973995,400,100,387,96
multinomial_logistic,E5_E3_plus_camera,2,macro_precision,0.4736587586049952,400,100,387,96
multinomial_logistic,E5_E3_plus_camera,2,macro_recall,0.5548463356973995,400,100,387,96
multinomial_logistic,E5_E3_plus_camera,2,macro_f1,0.4822421412585347,400,100,387,96
multinomial_logistic,E5_E3_plus_camera,2,normal_auc,0.911914172783738,400,100,387,96
multinomial_logistic,E5_E3_plus_camera,2,mild_auc,0.6172219991971096,400,100,387,96
multinomial_logistic,E5_E3_plus_camera,2,severe_auc,0.6221428571428572,400,100,387,96
multinomial_logistic,E5_E3_plus_camera,2,macro_auc,0.7170930097079017,400,100,387,96
multinomial_logistic,E5_E3_plus_camera,3,accuracy,0.54,400,100,386,97
multinomial_logistic,E5_E3_plus_camera,3,balanced_accuracy,0.625531914893617,400,100,386,97
multinomial_logistic,E5_E3_plus_camera,3,macro_precision,0.5571010860484545,400,100,386,97
multinomial_logistic,E5_E3_plus_camera,3,macro_recall,0.625531914893617,400,100,386,97
multinomial_logistic,E5_E3_plus_camera,3,macro_f1,0.5417212579635757,400,100,386,97
multinomial_logistic,E5_E3_plus_camera,3,normal_auc,0.8642010163749295,400,100,386,97
multinomial_logistic,E5_E3_plus_camera,3,mild_auc,0.6427137695704537,400,100,386,97
multinomial_logistic,E5_E3_plus_camera,3,severe_auc,0.705,400,100,386,97
multinomial_logistic,E5_E3_plus_camera,3,macro_auc,0.7373049286484611,400,100,386,97
multinomial_logistic,E5_E3_plus_camera,4,accuracy,0.46,400,100,389,94
multinomial_logistic,E5_E3_plus_camera,4,balanced_accuracy,0.5486997635933807,400,100,389,94
multinomial_logistic,E5_E3_plus_camera,4,macro_precision,0.4993650793650794,400,100,389,94
multinomial_logistic,E5_E3_plus_camera,4,macro_recall,0.5486997635933807,400,100,389,94
multinomial_logistic,E5_E3_plus_camera,4,macro_f1,0.45090587715422004,400,100,389,94
multinomial_logistic,E5_E3_plus_camera,4,normal_auc,0.8402032749858837,400,100,389,94
multinomial_logistic,E5_E3_plus_camera,4,mild_auc,0.6856684062625451,400,100,389,94
multinomial_logistic,E5_E3_plus_camera,4,severe_auc,0.5514285714285714,400,100,389,94
multinomial_logistic,E5_E3_plus_camera,4,macro_auc,0.6924334175590001,400,100,389,94
random_forest_shallow,E0_log2_exposure_time,0,accuracy,0.46,400,100,385,98
random_forest_shallow,E0_log2_exposure_time,0,balanced_accuracy,0.5568569881725803,400,100,385,98
random_forest_shallow,E0_log2_exposure_time,0,macro_precision,0.5222222222222223,400,100,385,98
random_forest_shallow,E0_log2_exposure_time,0,macro_recall,0.5568569881725803,400,100,385,98
random_forest_shallow,E0_log2_exposure_time,0,macro_f1,0.44770937265866273,400,100,385,98
random_forest_shallow,E0_log2_exposure_time,0,normal_auc,0.8226990400903444,400,100,385,98
random_forest_shallow,E0_log2_exposure_time,0,mild_auc,0.6310096153846154,400,100,385,98
random_forest_shallow,E0_log2_exposure_time,0,severe_auc,0.6556580864497328,400,100,385,98
random_forest_shallow,E0_log2_exposure_time,0,macro_auc,0.7031222473082309,400,100,385,98
random_forest_shallow,E0_log2_exposure_time,1,accuracy,0.47,400,100,385,98
random_forest_shallow,E0_log2_exposure_time,1,balanced_accuracy,0.5532546226886557,400,100,385,98
random_forest_shallow,E0_log2_exposure_time,1,macro_precision,0.5164332399626517,400,100,385,98
random_forest_shallow,E0_log2_exposure_time,1,macro_recall,0.5532546226886557,400,100,385,98
random_forest_shallow,E0_log2_exposure_time,1,macro_f1,0.4703374119391917,400,100,385,98
random_forest_shallow,E0_log2_exposure_time,1,normal_auc,0.86815358554489,400,100,385,98
random_forest_shallow,E0_log2_exposure_time,1,mild_auc,0.6292067307692308,400,100,385,98
random_forest_shallow,E0_log2_exposure_time,1,severe_auc,0.6406022340942205,400,100,385,98
random_forest_shallow,E0_log2_exposure_time,1,macro_auc,0.712654183469447,400,100,385,98
random_forest_shallow,E0_log2_exposure_time,2,accuracy,0.43,400,100,387,96
random_forest_shallow,E0_log2_exposure_time,2,balanced_accuracy,0.4777263850344331,400,100,387,96
random_forest_shallow,E0_log2_exposure_time,2,macro_precision,0.4200686902441288,400,100,387,96
random_forest_shallow,E0_log2_exposure_time,2,macro_recall,0.4777263850344331,400,100,387,96
random_forest_shallow,E0_log2_exposure_time,2,macro_f1,0.43744825213812083,400,100,387,96
random_forest_shallow,E0_log2_exposure_time,2,normal_auc,0.8805759457933371,400,100,387,96
random_forest_shallow,E0_log2_exposure_time,2,mild_auc,0.537133681252509,400,100,387,96
random_forest_shallow,E0_log2_exposure_time,2,severe_auc,0.6240476190476191,400,100,387,96
random_forest_shallow,E0_log2_exposure_time,2,macro_auc,0.6805857486978217,400,100,387,96
random_forest_shallow,E0_log2_exposure_time,3,accuracy,0.52,400,100,386,97
random_forest_shallow,E0_log2_exposure_time,3,balanced_accuracy,0.6024771302292117,400,100,386,97
random_forest_shallow,E0_log2_exposure_time,3,macro_precision,0.5731271416755288,400,100,386,97
random_forest_shallow,E0_log2_exposure_time,3,macro_recall,0.6024771302292117,400,100,386,97
random_forest_shallow,E0_log2_exposure_time,3,macro_f1,0.5160206718346253,400,100,386,97
random_forest_shallow,E0_log2_exposure_time,3,normal_auc,0.8619424054206664,400,100,386,97
random_forest_shallow,E0_log2_exposure_time,3,mild_auc,0.590726615816941,400,100,386,97
random_forest_shallow,E0_log2_exposure_time,3,severe_auc,0.6795238095238095,400,100,386,97
random_forest_shallow,E0_log2_exposure_time,3,macro_auc,0.710730943587139,400,100,386,97
random_forest_shallow,E0_log2_exposure_time,4,accuracy,0.41,400,100,389,94
random_forest_shallow,E0_log2_exposure_time,4,balanced_accuracy,0.5030938431493474,400,100,389,94
random_forest_shallow,E0_log2_exposure_time,4,macro_precision,0.46869582348305755,400,100,389,94
random_forest_shallow,E0_log2_exposure_time,4,macro_recall,0.5030938431493474,400,100,389,94
random_forest_shallow,E0_log2_exposure_time,4,macro_f1,0.3933044733044733,400,100,389,94
random_forest_shallow,E0_log2_exposure_time,4,normal_auc,0.8348390739695088,400,100,389,94
random_forest_shallow,E0_log2_exposure_time,4,mild_auc,0.6870734644720996,400,100,389,94
random_forest_shallow,E0_log2_exposure_time,4,severe_auc,0.5742857142857143,400,100,389,94
random_forest_shallow,E0_log2_exposure_time,4,macro_auc,0.6987327509091076,400,100,389,94
random_forest_shallow,E0_log2_iso_gain,0,accuracy,0.34,400,100,385,98
random_forest_shallow,E0_log2_iso_gain,0,balanced_accuracy,0.40837914376145257,400,100,385,98
random_forest_shallow,E0_log2_iso_gain,0,macro_precision,0.3972002772002772,400,100,385,98
random_forest_shallow,E0_log2_iso_gain,0,macro_recall,0.40837914376145257,400,100,385,98
random_forest_shallow,E0_log2_iso_gain,0,macro_f1,0.33262333644098746,400,100,385,98
random_forest_shallow,E0_log2_iso_gain,0,normal_auc,0.7182382834556749,400,100,385,98
random_forest_shallow,E0_log2_iso_gain,0,mild_auc,0.6736778846153846,400,100,385,98
random_forest_shallow,E0_log2_iso_gain,0,severe_auc,0.4587178241864983,400,100,385,98
random_forest_shallow,E0_log2_iso_gain,0,macro_auc,0.6168779974191859,400,100,385,98
random_forest_shallow,E0_log2_iso_gain,1,accuracy,0.48,400,100,385,98
random_forest_shallow,E0_log2_iso_gain,1,balanced_accuracy,0.4709624354489422,400,100,385,98
random_forest_shallow,E0_log2_iso_gain,1,macro_precision,0.4645439377085651,400,100,385,98
random_forest_shallow,E0_log2_iso_gain,1,macro_recall,0.4709624354489422,400,100,385,98
random_forest_shallow,E0_log2_iso_gain,1,macro_f1,0.4631274430125005,400,100,385,98
random_forest_shallow,E0_log2_iso_gain,1,normal_auc,0.743365330321852,400,100,385,98
random_forest_shallow,E0_log2_iso_gain,1,mild_auc,0.5681089743589742,400,100,385,98
random_forest_shallow,E0_log2_iso_gain,1,severe_auc,0.6874696454589606,400,100,385,98
random_forest_shallow,E0_log2_iso_gain,1,macro_auc,0.6663146500465956,400,100,385,98
random_forest_shallow,E0_log2_iso_gain,2,accuracy,0.43,400,100,387,96
random_forest_shallow,E0_log2_iso_gain,2,balanced_accuracy,0.4481241648679206,400,100,387,96
random_forest_shallow,E0_log2_iso_gain,2,macro_precision,0.4176170581150256,400,100,387,96
random_forest_shallow,E0_log2_iso_gain,2,macro_recall,0.4481241648679206,400,100,387,96
random_forest_shallow,E0_log2_iso_gain,2,macro_f1,0.4269005847953216,400,100,387,96
random_forest_shallow,E0_log2_iso_gain,2,normal_auc,0.7145680406549972,400,100,387,96
random_forest_shallow,E0_log2_iso_gain,2,mild_auc,0.511641910879165,400,100,387,96
random_forest_shallow,E0_log2_iso_gain,2,severe_auc,0.6342857142857142,400,100,387,96
random_forest_shallow,E0_log2_iso_gain,2,macro_auc,0.6201652219399588,400,100,387,96
random_forest_shallow,E0_log2_iso_gain,3,accuracy,0.37,400,100,386,97
random_forest_shallow,E0_log2_iso_gain,3,balanced_accuracy,0.42292116353170933,400,100,386,97
random_forest_shallow,E0_log2_iso_gain,3,macro_precision,0.3698752228163993,400,100,386,97
random_forest_shallow,E0_log2_iso_gain,3,macro_recall,0.42292116353170933,400,100,386,97
random_forest_shallow,E0_log2_iso_gain,3,macro_f1,0.37348561376021333,400,100,386,97
random_forest_shallow,E0_log2_iso_gain,3,normal_auc,0.7066629023150762,400,100,386,97
random_forest_shallow,E0_log2_iso_gain,3,mild_auc,0.530108390204737,400,100,386,97
random_forest_shallow,E0_log2_iso_gain,3,severe_auc,0.5128571428571429,400,100,386,97
random_forest_shallow,E0_log2_iso_gain,3,macro_auc,0.5832094784589854,400,100,386,97
random_forest_shallow,E0_log2_iso_gain,4,accuracy,0.47,400,100,389,94
random_forest_shallow,E0_log2_iso_gain,4,balanced_accuracy,0.49869462431904615,400,100,389,94
random_forest_shallow,E0_log2_iso_gain,4,macro_precision,0.4770833333333333,400,100,389,94
random_forest_shallow,E0_log2_iso_gain,4,macro_recall,0.49869462431904615,400,100,389,94
random_forest_shallow,E0_log2_iso_gain,4,macro_f1,0.45289594104712666,400,100,389,94
random_forest_shallow,E0_log2_iso_gain,4,normal_auc,0.7634105025409373,400,100,389,94
random_forest_shallow,E0_log2_iso_gain,4,mild_auc,0.6657968687274187,400,100,389,94
random_forest_shallow,E0_log2_iso_gain,4,severe_auc,0.49738095238095237,400,100,389,94
random_forest_shallow,E0_log2_iso_gain,4,macro_auc,0.6421961078831028,400,100,389,94
random_forest_shallow,E0_log2_fnumber,0,accuracy,0.42,400,100,385,98
random_forest_shallow,E0_log2_fnumber,0,balanced_accuracy,0.5517241379310345,400,100,385,98
random_forest_shallow,E0_log2_fnumber,0,macro_precision,0.27965646806226513,400,100,385,98
random_forest_shallow,E0_log2_fnumber,0,macro_recall,0.5517241379310345,400,100,385,98
random_forest_shallow,E0_log2_fnumber,0,macro_f1,0.3680230880230881,400,100,385,98
random_forest_shallow,E0_log2_fnumber,0,normal_auc,0.7987012987012987,400,100,385,98
random_forest_shallow,E0_log2_fnumber,0,mild_auc,0.5985576923076923,400,100,385,98
random_forest_shallow,E0_log2_fnumber,0,severe_auc,0.6374453618261292,400,100,385,98
random_forest_shallow,E0_log2_fnumber,0,macro_auc,0.6782347842783735,400,100,385,98
random_forest_shallow,E0_log2_fnumber,1,accuracy,0.45,400,100,385,98
random_forest_shallow,E0_log2_fnumber,1,balanced_accuracy,0.5862068965517241,400,100,385,98
random_forest_shallow,E0_log2_fnumber,1,macro_precision,0.3037037037037037,400,100,385,98
random_forest_shallow,E0_log2_fnumber,1,macro_recall,0.5862068965517241,400,100,385,98
random_forest_shallow,E0_log2_fnumber,1,macro_f1,0.40009337068160605,400,100,385,98
random_forest_shallow,E0_log2_fnumber,1,normal_auc,0.8571428571428572,400,100,385,98
random_forest_shallow,E0_log2_fnumber,1,mild_auc,0.6322115384615384,400,100,385,98
random_forest_shallow,E0_log2_fnumber,1,severe_auc,0.6469159786304031,400,100,385,98
random_forest_shallow,E0_log2_fnumber,1,macro_auc,0.7120901247449328,400,100,385,98
random_forest_shallow,E0_log2_fnumber,2,accuracy,0.47,400,100,387,96
random_forest_shallow,E0_log2_fnumber,2,balanced_accuracy,0.6,400,100,387,96
random_forest_shallow,E0_log2_fnumber,2,macro_precision,0.3204707170224412,400,100,387,96
random_forest_shallow,E0_log2_fnumber,2,macro_recall,0.6,400,100,387,96
random_forest_shallow,E0_log2_fnumber,2,macro_f1,0.41771561771561777,400,100,387,96
random_forest_shallow,E0_log2_fnumber,2,normal_auc,0.8766233766233766,400,100,387,96
random_forest_shallow,E0_log2_fnumber,2,mild_auc,0.6352870333199518,400,100,387,96
random_forest_shallow,E0_log2_fnumber,2,severe_auc,0.657142857142857,400,100,387,96
random_forest_shallow,E0_log2_fnumber,2,macro_auc,0.7230177556953952,400,100,387,96
random_forest_shallow,E0_log2_fnumber,3,accuracy,0.48,400,100,386,97
random_forest_shallow,E0_log2_fnumber,3,balanced_accuracy,0.6111111111111112,400,100,386,97
random_forest_shallow,E0_log2_fnumber,3,macro_precision,0.3262178434592228,400,100,386,97
random_forest_shallow,E0_log2_fnumber,3,macro_recall,0.6111111111111112,400,100,386,97
random_forest_shallow,E0_log2_fnumber,3,macro_f1,0.42529137529137534,400,100,386,97
random_forest_shallow,E0_log2_fnumber,3,normal_auc,0.8766233766233766,400,100,386,97
random_forest_shallow,E0_log2_fnumber,3,mild_auc,0.6152147731834605,400,100,386,97
random_forest_shallow,E0_log2_fnumber,3,severe_auc,0.680952380952381,400,100,386,97
random_forest_shallow,E0_log2_fnumber,3,macro_auc,0.7242635102530727,400,100,386,97
random_forest_shallow,E0_log2_fnumber,4,accuracy,0.41,400,100,389,94
random_forest_shallow,E0_log2_fnumber,4,balanced_accuracy,0.5333333333333333,400,100,389,94
random_forest_shallow,E0_log2_fnumber,4,macro_precision,0.2733333333333334,400,100,389,94
random_forest_shallow,E0_log2_fnumber,4,macro_recall,0.5333333333333333,400,100,389,94
random_forest_shallow,E0_log2_fnumber,4,macro_f1,0.36004566210045663,400,100,389,94
random_forest_shallow,E0_log2_fnumber,4,normal_auc,0.8246753246753247,400,100,389,94
random_forest_shallow,E0_log2_fnumber,4,mild_auc,0.6706142111601767,400,100,389,94
random_forest_shallow,E0_log2_fnumber,4,severe_auc,0.5714285714285715,400,100,389,94
random_forest_shallow,E0_log2_fnumber,4,macro_auc,0.688906035754691,400,100,389,94
random_forest_shallow,E0_BrightnessValue,0,accuracy,0.46,400,100,385,98
random_forest_shallow,E0_BrightnessValue,0,balanced_accuracy,0.5219057138097618,400,100,385,98
random_forest_shallow,E0_BrightnessValue,0,macro_precision,0.4691918475433868,400,100,385,98
random_forest_shallow,E0_BrightnessValue,0,macro_recall,0.5219057138097618,400,100,385,98
random_forest_shallow,E0_BrightnessValue,0,macro_f1,0.4444444444444444,400,100,385,98
random_forest_shallow,E0_BrightnessValue,0,normal_auc,0.854884246188594,400,100,385,98
random_forest_shallow,E0_BrightnessValue,0,mild_auc,0.6087740384615384,400,100,385,98
random_forest_shallow,E0_BrightnessValue,0,severe_auc,0.6481301602719767,400,100,385,98
random_forest_shallow,E0_BrightnessValue,0,macro_auc,0.703929481640703,400,100,385,98
random_forest_shallow,E0_BrightnessValue,1,accuracy,0.5,400,100,385,98
random_forest_shallow,E0_BrightnessValue,1,balanced_accuracy,0.5936302681992337,400,100,385,98
random_forest_shallow,E0_BrightnessValue,1,macro_precision,0.5264075220731567,400,100,385,98
random_forest_shallow,E0_BrightnessValue,1,macro_recall,0.5936302681992337,400,100,385,98
random_forest_shallow,E0_BrightnessValue,1,macro_f1,0.4975146889984467,400,100,385,98
random_forest_shallow,E0_BrightnessValue,1,normal_auc,0.8743647656691134,400,100,385,98
random_forest_shallow,E0_BrightnessValue,1,mild_auc,0.6800881410256411,400,100,385,98
random_forest_shallow,E0_BrightnessValue,1,severe_auc,0.6838271005342399,400,100,385,98
random_forest_shallow,E0_BrightnessValue,1,macro_auc,0.7460933357429981,400,100,385,98
random_forest_shallow,E0_BrightnessValue,2,accuracy,0.49,400,100,387,96
random_forest_shallow,E0_BrightnessValue,2,balanced_accuracy,0.5659574468085107,400,100,387,96
random_forest_shallow,E0_BrightnessValue,2,macro_precision,0.4870268620268621,400,100,387,96
random_forest_shallow,E0_BrightnessValue,2,macro_recall,0.5659574468085107,400,100,387,96
random_forest_shallow,E0_BrightnessValue,2,macro_f1,0.4927835752404908,400,100,387,96
random_forest_shallow,E0_BrightnessValue,2,normal_auc,0.8802936194240543,400,100,387,96
random_forest_shallow,E0_BrightnessValue,2,mild_auc,0.6180248896025692,400,100,387,96
random_forest_shallow,E0_BrightnessValue,2,severe_auc,0.6588095238095238,400,100,387,96
random_forest_shallow,E0_BrightnessValue,2,macro_auc,0.7190426776120491,400,100,387,96
random_forest_shallow,E0_BrightnessValue,3,accuracy,0.51,400,100,386,97
random_forest_shallow,E0_BrightnessValue,3,balanced_accuracy,0.6008736766368589,400,100,386,97
random_forest_shallow,E0_BrightnessValue,3,macro_precision,0.5344819436566458,400,100,386,97
random_forest_shallow,E0_BrightnessValue,3,macro_recall,0.6008736766368589,400,100,386,97
random_forest_shallow,E0_BrightnessValue,3,macro_f1,0.5085027542219324,400,100,386,97
random_forest_shallow,E0_BrightnessValue,3,normal_auc,0.8658949745906267,400,100,386,97
random_forest_shallow,E0_BrightnessValue,3,mild_auc,0.6043757527097551,400,100,386,97
random_forest_shallow,E0_BrightnessValue,3,severe_auc,0.7085714285714286,400,100,386,97
random_forest_shallow,E0_BrightnessValue,3,macro_auc,0.7262807186239368,400,100,386,97
random_forest_shallow,E0_BrightnessValue,4,accuracy,0.47,400,100,389,94
random_forest_shallow,E0_BrightnessValue,4,balanced_accuracy,0.531678486997636,400,100,389,94
random_forest_shallow,E0_BrightnessValue,4,macro_precision,0.4617748917748918,400,100,389,94
random_forest_shallow,E0_BrightnessValue,4,macro_recall,0.531678486997636,400,100,389,94
random_forest_shallow,E0_BrightnessValue,4,macro_f1,0.4509003629551574,400,100,389,94
random_forest_shallow,E0_BrightnessValue,4,normal_auc,0.8229813664596273,400,100,389,94
random_forest_shallow,E0_BrightnessValue,4,mild_auc,0.6716178241670012,400,100,389,94
random_forest_shallow,E0_BrightnessValue,4,severe_auc,0.545,400,100,389,94
random_forest_shallow,E0_BrightnessValue,4,macro_auc,0.6798663968755428,400,100,389,94
random_forest_shallow,E1_four_core_transformed,0,accuracy,0.49,400,100,385,98
random_forest_shallow,E1_four_core_transformed,0,balanced_accuracy,0.5472888555722139,400,100,385,98
random_forest_shallow,E1_four_core_transformed,0,macro_precision,0.5058169295918842,400,100,385,98
random_forest_shallow,E1_four_core_transformed,0,macro_recall,0.5472888555722139,400,100,385,98
random_forest_shallow,E1_four_core_transformed,0,macro_f1,0.4763997113997114,400,100,385,98
random_forest_shallow,E1_four_core_transformed,0,normal_auc,0.8500846979107849,400,100,385,98
random_forest_shallow,E1_four_core_transformed,0,mild_auc,0.6576522435897436,400,100,385,98
random_forest_shallow,E1_four_core_transformed,0,severe_auc,0.6673142302088393,400,100,385,98
random_forest_shallow,E1_four_core_transformed,0,macro_auc,0.7250170572364559,400,100,385,98
random_forest_shallow,E1_four_core_transformed,1,accuracy,0.55,400,100,385,98
random_forest_shallow,E1_four_core_transformed,1,balanced_accuracy,0.6329022988505747,400,100,385,98
random_forest_shallow,E1_four_core_transformed,1,macro_precision,0.5822751322751323,400,100,385,98
random_forest_shallow,E1_four_core_transformed,1,macro_recall,0.6329022988505747,400,100,385,98
random_forest_shallow,E1_four_core_transformed,1,macro_f1,0.5496323529411765,400,100,385,98
random_forest_shallow,E1_four_core_transformed,1,normal_auc,0.8760587238848108,400,100,385,98
random_forest_shallow,E1_four_core_transformed,1,mild_auc,0.6842948717948718,400,100,385,98
random_forest_shallow,E1_four_core_transformed,1,severe_auc,0.6976687712481787,400,100,385,98
random_forest_shallow,E1_four_core_transformed,1,macro_auc,0.7526741223092871,400,100,385,98
random_forest_shallow,E1_four_core_transformed,2,accuracy,0.48,400,100,387,96
random_forest_shallow,E1_four_core_transformed,2,balanced_accuracy,0.5709219858156028,400,100,387,96
random_forest_shallow,E1_four_core_transformed,2,macro_precision,0.48618340723603887,400,100,387,96
random_forest_shallow,E1_four_core_transformed,2,macro_recall,0.5709219858156028,400,100,387,96
random_forest_shallow,E1_four_core_transformed,2,macro_f1,0.481835073139421,400,100,387,96
random_forest_shallow,E1_four_core_transformed,2,normal_auc,0.885940146809712,400,100,387,96
random_forest_shallow,E1_four_core_transformed,2,mild_auc,0.6216378964271376,400,100,387,96
random_forest_shallow,E1_four_core_transformed,2,severe_auc,0.6626190476190477,400,100,387,96
random_forest_shallow,E1_four_core_transformed,2,macro_auc,0.7233990302852992,400,100,387,96
random_forest_shallow,E1_four_core_transformed,3,accuracy,0.51,400,100,386,97
random_forest_shallow,E1_four_core_transformed,3,balanced_accuracy,0.5968547641073081,400,100,386,97
random_forest_shallow,E1_four_core_transformed,3,macro_precision,0.5218442447582371,400,100,386,97
random_forest_shallow,E1_four_core_transformed,3,macro_recall,0.5968547641073081,400,100,386,97
random_forest_shallow,E1_four_core_transformed,3,macro_f1,0.5117063492063492,400,100,386,97
random_forest_shallow,E1_four_core_transformed,3,normal_auc,0.8709768492377188,400,100,386,97
random_forest_shallow,E1_four_core_transformed,3,mild_auc,0.5963468486551585,400,100,386,97
random_forest_shallow,E1_four_core_transformed,3,severe_auc,0.6900000000000001,400,100,386,97
random_forest_shallow,E1_four_core_transformed,3,macro_auc,0.7191078992976258,400,100,386,97
random_forest_shallow,E1_four_core_transformed,4,accuracy,0.47,400,100,389,94
random_forest_shallow,E1_four_core_transformed,4,balanced_accuracy,0.55177304964539,400,100,389,94
random_forest_shallow,E1_four_core_transformed,4,macro_precision,0.5005555555555555,400,100,389,94
random_forest_shallow,E1_four_core_transformed,4,macro_recall,0.55177304964539,400,100,389,94
random_forest_shallow,E1_four_core_transformed,4,macro_f1,0.4621548432418958,400,100,389,94
random_forest_shallow,E1_four_core_transformed,4,normal_auc,0.8562958780350084,400,100,389,94
random_forest_shallow,E1_four_core_transformed,4,mild_auc,0.6870734644720995,400,100,389,94
random_forest_shallow,E1_four_core_transformed,4,severe_auc,0.5442857142857143,400,100,389,94
random_forest_shallow,E1_four_core_transformed,4,macro_auc,0.6958850189309406,400,100,389,94
random_forest_shallow,E2_compact_physical,0,accuracy,0.47,400,100,385,98
random_forest_shallow,E2_compact_physical,0,balanced_accuracy,0.5379497751124438,400,100,385,98
random_forest_shallow,E2_compact_physical,0,macro_precision,0.4826797385620915,400,100,385,98
random_forest_shallow,E2_compact_physical,0,macro_recall,0.5379497751124438,400,100,385,98
random_forest_shallow,E2_compact_physical,0,macro_f1,0.4609706630900738,400,100,385,98
random_forest_shallow,E2_compact_physical,0,normal_auc,0.8506493506493507,400,100,385,98
random_forest_shallow,E2_compact_physical,0,mild_auc,0.6622596153846153,400,100,385,98
random_forest_shallow,E2_compact_physical,0,severe_auc,0.6389023797960175,400,100,385,98
random_forest_shallow,E2_compact_physical,0,macro_auc,0.7172704486099946,400,100,385,98
random_forest_shallow,E2_compact_physical,1,accuracy,0.51,400,100,385,98
random_forest_shallow,E2_compact_physical,1,balanced_accuracy,0.6096743295019157,400,100,385,98
random_forest_shallow,E2_compact_physical,1,macro_precision,0.5548070718802426,400,100,385,98
random_forest_shallow,E2_compact_physical,1,macro_recall,0.6096743295019157,400,100,385,98
random_forest_shallow,E2_compact_physical,1,macro_f1,0.5044456492274328,400,100,385,98
random_forest_shallow,E2_compact_physical,1,normal_auc,0.8695652173913043,400,100,385,98
random_forest_shallow,E2_compact_physical,1,mild_auc,0.6572516025641025,400,100,385,98
random_forest_shallow,E2_compact_physical,1,severe_auc,0.6908693540553668,400,100,385,98
random_forest_shallow,E2_compact_physical,1,macro_auc,0.7392287246702578,400,100,385,98
random_forest_shallow,E2_compact_physical,2,accuracy,0.47,400,100,387,96
random_forest_shallow,E2_compact_physical,2,balanced_accuracy,0.5564292321924145,400,100,387,96
random_forest_shallow,E2_compact_physical,2,macro_precision,0.4702686202686202,400,100,387,96
random_forest_shallow,E2_compact_physical,2,macro_recall,0.5564292321924145,400,100,387,96
random_forest_shallow,E2_compact_physical,2,macro_f1,0.4757709847223914,400,100,387,96
random_forest_shallow,E2_compact_physical,2,normal_auc,0.8927159796725014,400,100,387,96
random_forest_shallow,E2_compact_physical,2,mild_auc,0.6099959855479726,400,100,387,96
random_forest_shallow,E2_compact_physical,2,severe_auc,0.6535714285714286,400,100,387,96
random_forest_shallow,E2_compact_physical,2,macro_auc,0.7187611312639675,400,100,387,96
random_forest_shallow,E2_compact_physical,3,accuracy,0.45,400,100,386,97
random_forest_shallow,E2_compact_physical,3,balanced_accuracy,0.5422448350292939,400,100,386,97
random_forest_shallow,E2_compact_physical,3,macro_precision,0.44563543003851097,400,100,386,97
random_forest_shallow,E2_compact_physical,3,macro_recall,0.5422448350292939,400,100,386,97
random_forest_shallow,E2_compact_physical,3,macro_f1,0.45445738403484875,400,100,386,97
random_forest_shallow,E2_compact_physical,3,normal_auc,0.8692828910220215,400,100,386,97
random_forest_shallow,E2_compact_physical,3,mild_auc,0.5822962665596145,400,100,386,97
random_forest_shallow,E2_compact_physical,3,severe_auc,0.6685714285714286,400,100,386,97
random_forest_shallow,E2_compact_physical,3,macro_auc,0.7067168620510215,400,100,386,97
random_forest_shallow,E2_compact_physical,4,accuracy,0.45,400,100,389,94
random_forest_shallow,E2_compact_physical,4,balanced_accuracy,0.5536643026004727,400,100,389,94
random_forest_shallow,E2_compact_physical,4,macro_precision,0.5303174603174603,400,100,389,94
random_forest_shallow,E2_compact_physical,4,macro_recall,0.5536643026004727,400,100,389,94
random_forest_shallow,E2_compact_physical,4,macro_f1,0.43092108297587745,400,100,389,94
random_forest_shallow,E2_compact_physical,4,normal_auc,0.8410502540937324,400,100,389,94
random_forest_shallow,E2_compact_physical,4,mild_auc,0.6973103171417102,400,100,389,94
random_forest_shallow,E2_compact_physical,4,severe_auc,0.5235714285714286,400,100,389,94
random_forest_shallow,E2_compact_physical,4,macro_auc,0.6873106666022903,400,100,389,94
random_forest_shallow,E3_device_centered_physical,0,accuracy,0.45,400,100,385,98
random_forest_shallow,E3_device_centered_physical,0,balanced_accuracy,0.5256121939030485,400,100,385,98
random_forest_shallow,E3_device_centered_physical,0,macro_precision,0.4854589303447297,400,100,385,98
random_forest_shallow,E3_device_centered_physical,0,macro_recall,0.5256121939030485,400,100,385,98
random_forest_shallow,E3_device_centered_physical,0,macro_f1,0.4439643885833988,400,100,385,98
random_forest_shallow,E3_device_centered_physical,0,normal_auc,0.831451157538114,400,100,385,98
random_forest_shallow,E3_device_centered_physical,0,mild_auc,0.6590544871794871,400,100,385,98
random_forest_shallow,E3_device_centered_physical,0,severe_auc,0.606847984458475,400,100,385,98
random_forest_shallow,E3_device_centered_physical,0,macro_auc,0.6991178763920254,400,100,385,98
random_forest_shallow,E3_device_centered_physical,1,accuracy,0.47,400,100,385,98
random_forest_shallow,E3_device_centered_physical,1,balanced_accuracy,0.5411565050807928,400,100,385,98
random_forest_shallow,E3_device_centered_physical,1,macro_precision,0.5003602386581111,400,100,385,98
random_forest_shallow,E3_device_centered_physical,1,macro_recall,0.5411565050807928,400,100,385,98
random_forest_shallow,E3_device_centered_physical,1,macro_f1,0.4731800766283525,400,100,385,98
random_forest_shallow,E3_device_centered_physical,1,normal_auc,0.8475437605872388,400,100,385,98
random_forest_shallow,E3_device_centered_physical,1,mild_auc,0.6215945512820512,400,100,385,98
random_forest_shallow,E3_device_centered_physical,1,severe_auc,0.6937833899951433,400,100,385,98
random_forest_shallow,E3_device_centered_physical,1,macro_auc,0.7209739006214777,400,100,385,98
random_forest_shallow,E3_device_centered_physical,2,accuracy,0.44,400,100,387,96
random_forest_shallow,E3_device_centered_physical,2,balanced_accuracy,0.5055504162812211,400,100,387,96
random_forest_shallow,E3_device_centered_physical,2,macro_precision,0.45085309788985706,400,100,387,96
random_forest_shallow,E3_device_centered_physical,2,macro_recall,0.5055504162812211,400,100,387,96
random_forest_shallow,E3_device_centered_physical,2,macro_f1,0.4596651445966515,400,100,387,96
random_forest_shallow,E3_device_centered_physical,2,normal_auc,0.893845285149633,400,100,387,96
random_forest_shallow,E3_device_centered_physical,2,mild_auc,0.5654355680449619,400,100,387,96
random_forest_shallow,E3_device_centered_physical,2,severe_auc,0.6602380952380952,400,100,387,96
random_forest_shallow,E3_device_centered_physical,2,macro_auc,0.70650631614423,400,100,387,96
random_forest_shallow,E3_device_centered_physical,3,accuracy,0.45,400,100,386,97
random_forest_shallow,E3_device_centered_physical,3,balanced_accuracy,0.5274437249460376,400,100,386,97
random_forest_shallow,E3_device_centered_physical,3,macro_precision,0.447446654540476,400,100,386,97
random_forest_shallow,E3_device_centered_physical,3,macro_recall,0.5274437249460376,400,100,386,97
random_forest_shallow,E3_device_centered_physical,3,macro_f1,0.4573506822083672,400,100,386,97
random_forest_shallow,E3_device_centered_physical,3,normal_auc,0.8531902879728968,400,100,386,97
random_forest_shallow,E3_device_centered_physical,3,mild_auc,0.5433560818948213,400,100,386,97
random_forest_shallow,E3_device_centered_physical,3,severe_auc,0.695952380952381,400,100,386,97
random_forest_shallow,E3_device_centered_physical,3,macro_auc,0.6974995836066996,400,100,386,97
random_forest_shallow,E3_device_centered_physical,4,accuracy,0.38,400,100,389,94
random_forest_shallow,E3_device_centered_physical,4,balanced_accuracy,0.4771610648576421,400,100,389,94
random_forest_shallow,E3_device_centered_physical,4,macro_precision,0.37232323232323233,400,100,389,94
random_forest_shallow,E3_device_centered_physical,4,macro_recall,0.4771610648576421,400,100,389,94
random_forest_shallow,E3_device_centered_physical,4,macro_f1,0.36336169814636055,400,100,389,94
random_forest_shallow,E3_device_centered_physical,4,normal_auc,0.849802371541502,400,100,389,94
random_forest_shallow,E3_device_centered_physical,4,mild_auc,0.7019269369731032,400,100,389,94
random_forest_shallow,E3_device_centered_physical,4,severe_auc,0.525,400,100,389,94
random_forest_shallow,E3_device_centered_physical,4,macro_auc,0.6922431028382018,400,100,389,94
random_forest_shallow,E4_camera_only,0,accuracy,0.42,400,100,385,98
random_forest_shallow,E4_camera_only,0,balanced_accuracy,0.5517241379310345,400,100,385,98
random_forest_shallow,E4_camera_only,0,macro_precision,0.27965646806226513,400,100,385,98
random_forest_shallow,E4_camera_only,0,macro_recall,0.5517241379310345,400,100,385,98
random_forest_shallow,E4_camera_only,0,macro_f1,0.3680230880230881,400,100,385,98
random_forest_shallow,E4_camera_only,0,normal_auc,0.7987012987012987,400,100,385,98
random_forest_shallow,E4_camera_only,0,mild_auc,0.5985576923076923,400,100,385,98
random_forest_shallow,E4_camera_only,0,severe_auc,0.6374453618261292,400,100,385,98
random_forest_shallow,E4_camera_only,0,macro_auc,0.6782347842783735,400,100,385,98
random_forest_shallow,E4_camera_only,1,accuracy,0.45,400,100,385,98
random_forest_shallow,E4_camera_only,1,balanced_accuracy,0.5862068965517241,400,100,385,98
random_forest_shallow,E4_camera_only,1,macro_precision,0.3037037037037037,400,100,385,98
random_forest_shallow,E4_camera_only,1,macro_recall,0.5862068965517241,400,100,385,98
random_forest_shallow,E4_camera_only,1,macro_f1,0.40009337068160605,400,100,385,98
random_forest_shallow,E4_camera_only,1,normal_auc,0.8571428571428572,400,100,385,98
random_forest_shallow,E4_camera_only,1,mild_auc,0.6322115384615384,400,100,385,98
random_forest_shallow,E4_camera_only,1,severe_auc,0.6469159786304031,400,100,385,98
random_forest_shallow,E4_camera_only,1,macro_auc,0.7120901247449328,400,100,385,98
random_forest_shallow,E4_camera_only,2,accuracy,0.47,400,100,387,96
random_forest_shallow,E4_camera_only,2,balanced_accuracy,0.6,400,100,387,96
random_forest_shallow,E4_camera_only,2,macro_precision,0.3204707170224412,400,100,387,96
random_forest_shallow,E4_camera_only,2,macro_recall,0.6,400,100,387,96
random_forest_shallow,E4_camera_only,2,macro_f1,0.41771561771561777,400,100,387,96
random_forest_shallow,E4_camera_only,2,normal_auc,0.8766233766233766,400,100,387,96
random_forest_shallow,E4_camera_only,2,mild_auc,0.6352870333199518,400,100,387,96
random_forest_shallow,E4_camera_only,2,severe_auc,0.657142857142857,400,100,387,96
random_forest_shallow,E4_camera_only,2,macro_auc,0.7230177556953952,400,100,387,96
random_forest_shallow,E4_camera_only,3,accuracy,0.48,400,100,386,97
random_forest_shallow,E4_camera_only,3,balanced_accuracy,0.6111111111111112,400,100,386,97
random_forest_shallow,E4_camera_only,3,macro_precision,0.3262178434592228,400,100,386,97
random_forest_shallow,E4_camera_only,3,macro_recall,0.6111111111111112,400,100,386,97
random_forest_shallow,E4_camera_only,3,macro_f1,0.42529137529137534,400,100,386,97
random_forest_shallow,E4_camera_only,3,normal_auc,0.8766233766233766,400,100,386,97
random_forest_shallow,E4_camera_only,3,mild_auc,0.6152147731834605,400,100,386,97
random_forest_shallow,E4_camera_only,3,severe_auc,0.680952380952381,400,100,386,97
random_forest_shallow,E4_camera_only,3,macro_auc,0.7242635102530727,400,100,386,97
random_forest_shallow,E4_camera_only,4,accuracy,0.41,400,100,389,94
random_forest_shallow,E4_camera_only,4,balanced_accuracy,0.5333333333333333,400,100,389,94
random_forest_shallow,E4_camera_only,4,macro_precision,0.2733333333333334,400,100,389,94
random_forest_shallow,E4_camera_only,4,macro_recall,0.5333333333333333,400,100,389,94
random_forest_shallow,E4_camera_only,4,macro_f1,0.36004566210045663,400,100,389,94
random_forest_shallow,E4_camera_only,4,normal_auc,0.8246753246753247,400,100,389,94
random_forest_shallow,E4_camera_only,4,mild_auc,0.6706142111601767,400,100,389,94
random_forest_shallow,E4_camera_only,4,severe_auc,0.5714285714285715,400,100,389,94
random_forest_shallow,E4_camera_only,4,macro_auc,0.688906035754691,400,100,389,94
random_forest_shallow,E5_E3_plus_camera,0,accuracy,0.48,400,100,385,98
random_forest_shallow,E5_E3_plus_camera,0,balanced_accuracy,0.5478927203065134,400,100,385,98
random_forest_shallow,E5_E3_plus_camera,0,macro_precision,0.49710351377018047,400,100,385,98
random_forest_shallow,E5_E3_plus_camera,0,macro_recall,0.5478927203065134,400,100,385,98
random_forest_shallow,E5_E3_plus_camera,0,macro_f1,0.46572732287018,400,100,385,98
random_forest_shallow,E5_E3_plus_camera,0,normal_auc,0.8557312252964426,400,100,385,98
random_forest_shallow,E5_E3_plus_camera,0,mild_auc,0.6586538461538461,400,100,385,98
random_forest_shallow,E5_E3_plus_camera,0,severe_auc,0.6525012141816416,400,100,385,98
random_forest_shallow,E5_E3_plus_camera,0,macro_auc,0.7222954285439768,400,100,385,98
random_forest_shallow,E5_E3_plus_camera,1,accuracy,0.54,400,100,385,98
random_forest_shallow,E5_E3_plus_camera,1,balanced_accuracy,0.6168582375478927,400,100,385,98
random_forest_shallow,E5_E3_plus_camera,1,macro_precision,0.5585044283413848,400,100,385,98
random_forest_shallow,E5_E3_plus_camera,1,macro_recall,0.6168582375478927,400,100,385,98
random_forest_shallow,E5_E3_plus_camera,1,macro_f1,0.5396593640919772,400,100,385,98
random_forest_shallow,E5_E3_plus_camera,1,normal_auc,0.8732354601919818,400,100,385,98
random_forest_shallow,E5_E3_plus_camera,1,mild_auc,0.6742788461538461,400,100,385,98
random_forest_shallow,E5_E3_plus_camera,1,severe_auc,0.7039825157843613,400,100,385,98
random_forest_shallow,E5_E3_plus_camera,1,macro_auc,0.7504989407100631,400,100,385,98
random_forest_shallow,E5_E3_plus_camera,2,accuracy,0.48,400,100,387,96
random_forest_shallow,E5_E3_plus_camera,2,balanced_accuracy,0.5709219858156028,400,100,387,96
random_forest_shallow,E5_E3_plus_camera,2,macro_precision,0.48618340723603887,400,100,387,96
random_forest_shallow,E5_E3_plus_camera,2,macro_recall,0.5709219858156028,400,100,387,96
random_forest_shallow,E5_E3_plus_camera,2,macro_f1,0.481835073139421,400,100,387,96
random_forest_shallow,E5_E3_plus_camera,2,normal_auc,0.8921513269339356,400,100,387,96
random_forest_shallow,E5_E3_plus_camera,2,mild_auc,0.6150140505820955,400,100,387,96
random_forest_shallow,E5_E3_plus_camera,2,severe_auc,0.6566666666666668,400,100,387,96
random_forest_shallow,E5_E3_plus_camera,2,macro_auc,0.7212773480608993,400,100,387,96
random_forest_shallow,E5_E3_plus_camera,3,accuracy,0.48,400,100,386,97
random_forest_shallow,E5_E3_plus_camera,3,balanced_accuracy,0.5709219858156028,400,100,386,97
random_forest_shallow,E5_E3_plus_camera,3,macro_precision,0.48078529657477026,400,100,386,97
random_forest_shallow,E5_E3_plus_camera,3,macro_recall,0.5709219858156028,400,100,386,97
random_forest_shallow,E5_E3_plus_camera,3,macro_f1,0.48245874698903674,400,100,386,97
random_forest_shallow,E5_E3_plus_camera,3,normal_auc,0.8692828910220215,400,100,386,97
random_forest_shallow,E5_E3_plus_camera,3,mild_auc,0.5826977117623444,400,100,386,97
random_forest_shallow,E5_E3_plus_camera,3,severe_auc,0.6780952380952381,400,100,386,97
random_forest_shallow,E5_E3_plus_camera,3,macro_auc,0.7100252802932013,400,100,386,97
random_forest_shallow,E5_E3_plus_camera,4,accuracy,0.48,400,100,389,94
random_forest_shallow,E5_E3_plus_camera,4,balanced_accuracy,0.5669030732860519,400,100,389,94
random_forest_shallow,E5_E3_plus_camera,4,macro_precision,0.5311111111111111,400,100,389,94
random_forest_shallow,E5_E3_plus_camera,4,macro_recall,0.5669030732860519,400,100,389,94
random_forest_shallow,E5_E3_plus_camera,4,macro_f1,0.4719149755826733,400,100,389,94
random_forest_shallow,E5_E3_plus_camera,4,normal_auc,0.8738001129305478,400,100,389,94
random_forest_shallow,E5_E3_plus_camera,4,mild_auc,0.6922922521075873,400,100,389,94
random_forest_shallow,E5_E3_plus_camera,4,severe_auc,0.540952380952381,400,100,389,94
random_forest_shallow,E5_E3_plus_camera,4,macro_auc,0.7023482486635054,400,100,389,94
